[{"tag":{"S":"ahhCSPBzIu5V46MKO6SL9/_N_T_/layout"},"path":{"S":"ahhCSPBzIu5V46MKO6SL9/_not-found"},"revalidatedAt":{"N":"1"}},{"tag":{"S":"ahhCSPBzIu5V46MKO6SL9/_N_T_/_not-found/layout"},"path":{"S":"ahhCSPBzIu5V46MKO6SL9/_not-found"},"revalidatedAt":{"N":"1"}},{"tag":{"S":"ahhCSPBzIu5V46MKO6SL9/_N_T_/_not-found/page"},"path":{"S":"ahhCSPBzIu5V46MKO6SL9/_not-found"},"revalidatedAt":{"N":"1"}},{"tag":{"S":"ahhCSPBzIu5V46MKO6SL9/_N_T_/_not-found"},"path":{"S":"ahhCSPBzIu5V46MKO6SL9/_not-found"},"revalidatedAt":{"N":"1"}},{"tag":{"S":"ahhCSPBzIu5V46MKO6SL9/_N_T_/layout"},"path":{"S":"ahhCSPBzIu5V46MKO6SL9/blog/1"},"revalidatedAt":{"N":"1"}},{"tag":{"S":"ahhCSPBzIu5V46MKO6SL9/_N_T_/blog/layout"},"path":{"S":"ahhCSPBzIu5V46MKO6SL9/blog/1"},"revalidatedAt":{"N":"1"}},{"tag":{"S":"ahhCSPBzIu5V46MKO6SL9/_N_T_/blog/[id]/layout"},"path":{"S":"ahhCSPBzIu5V46MKO6SL9/blog/1"},"revalidatedAt":{"N":"1"}},{"tag":{"S":"ahhCSPBzIu5V46MKO6SL9/_N_T_/blog/[id]/page"},"path":{"S":"ahhCSPBzIu5V46MKO6SL9/blog/1"},"revalidatedAt":{"N":"1"}},{"tag":{"S":"ahhCSPBzIu5V46MKO6SL9/_N_T_/blog/1"},"path":{"S":"ahhCSPBzIu5V46MKO6SL9/blog/1"},"revalidatedAt":{"N":"1"}},{"tag":{"S":"ahhCSPBzIu5V46MKO6SL9/_N_T_/layout"},"path":{"S":"ahhCSPBzIu5V46MKO6SL9/blog/2"},"revalidatedAt":{"N":"1"}},{"tag":{"S":"ahhCSPBzIu5V46MKO6SL9/_N_T_/blog/layout"},"path":{"S":"ahhCSPBzIu5V46MKO6SL9/blog/2"},"revalidatedAt":{"N":"1"}},{"tag":{"S":"ahhCSPBzIu5V46MKO6SL9/_N_T_/blog/[id]/layout"},"path":{"S":"ahhCSPBzIu5V46MKO6SL9/blog/2"},"revalidatedAt":{"N":"1"}},{"tag":{"S":"ahhCSPBzIu5V46MKO6SL9/_N_T_/blog/[id]/page"},"path":{"S":"ahhCSPBzIu5V46MKO6SL9/blog/2"},"revalidatedAt":{"N":"1"}},{"tag":{"S":"ahhCSPBzIu5V46MKO6SL9/_N_T_/blog/2"},"path":{"S":"ahhCSPBzIu5V46MKO6SL9/blog/2"},"revalidatedAt":{"N":"1"}},{"tag":{"S":"ahhCSPBzIu5V46MKO6SL9/_N_T_/layout"},"path":{"S":"ahhCSPBzIu5V46MKO6SL9/blog/3"},"revalidatedAt":{"N":"1"}},{"tag":{"S":"ahhCSPBzIu5V46MKO6SL9/_N_T_/blog/layout"},"path":{"S":"ahhCSPBzIu5V46MKO6SL9/blog/3"},"revalidatedAt":{"N":"1"}},{"tag":{"S":"ahhCSPBzIu5V46MKO6SL9/_N_T_/blog/[id]/layout"},"path":{"S":"ahhCSPBzIu5V46MKO6SL9/blog/3"},"revalidatedAt":{"N":"1"}},{"tag":{"S":"ahhCSPBzIu5V46MKO6SL9/_N_T_/blog/[id]/page"},"path":{"S":"ahhCSPBzIu5V46MKO6SL9/blog/3"},"revalidatedAt":{"N":"1"}},{"tag":{"S":"ahhCSPBzIu5V46MKO6SL9/_N_T_/blog/3"},"path":{"S":"ahhCSPBzIu5V46MKO6SL9/blog/3"},"revalidatedAt":{"N":"1"}},{"tag":{"S":"ahhCSPBzIu5V46MKO6SL9/_N_T_/layout"},"path":{"S":"ahhCSPBzIu5V46MKO6SL9/favicon.ico"},"revalidatedAt":{"N":"1"}},{"tag":{"S":"ahhCSPBzIu5V46MKO6SL9/_N_T_/favicon.ico/layout"},"path":{"S":"ahhCSPBzIu5V46MKO6SL9/favicon.ico"},"revalidatedAt":{"N":"1"}},{"tag":{"S":"ahhCSPBzIu5V46MKO6SL9/_N_T_/favicon.ico/route"},"path":{"S":"ahhCSPBzIu5V46MKO6SL9/favicon.ico"},"revalidatedAt":{"N":"1"}},{"tag":{"S":"ahhCSPBzIu5V46MKO6SL9/_N_T_/favicon.ico"},"path":{"S":"ahhCSPBzIu5V46MKO6SL9/favicon.ico"},"revalidatedAt":{"N":"1"}},{"tag":{"S":"ahhCSPBzIu5V46MKO6SL9/_N_T_/layout"},"path":{"S":"ahhCSPBzIu5V46MKO6SL9/index"},"revalidatedAt":{"N":"1"}},{"tag":{"S":"ahhCSPBzIu5V46MKO6SL9/_N_T_/page"},"path":{"S":"ahhCSPBzIu5V46MKO6SL9/index"},"revalidatedAt":{"N":"1"}},{"tag":{"S":"ahhCSPBzIu5V46MKO6SL9/_N_T_/"},"path":{"S":"ahhCSPBzIu5V46MKO6SL9/index"},"revalidatedAt":{"N":"1"}}]